Title,AuthorName,Information,LatestTrends,MoreInfoLink,ImageOfAuthor
The Selfish Gene,Richard Dawkins,Explains the gene-centered view of evolution.,Gene-editing technologies,https://en.wikipedia.org/wiki/The_Selfish_Gene,https://upload.wikimedia.org/wikipedia/commons/thumb/8/82/Dinner_with_Richard_Dawkins_and_CFI..._like_a_candle_in_the_dark.jpg/220px-Dinner_with_Richard_Dawkins_and_CFI..._like_a_candle_in_the_dark.jpg
A Brief History of Time,Stephen Hawking,Discusses the nature of the universe and its origins.,Black hole research,https://en.wikipedia.org/wiki/A_Brief_History_of_Time,https://upload.wikimedia.org/wikipedia/commons/thumb/e/eb/Stephen_Hawking.StarChild.jpg/220px-Stephen_Hawking.StarChild.jpg
The Elegant Universe,Brian Greene,Explores string theory and the nature of reality.,Quantum computing advancements,https://en.wikipedia.org/wiki/The_Elegant_Universe,https://upload.wikimedia.org/wikipedia/commons/thumb/0/08/Brian_Greene%2C_February_28%2C_2012.jpg/220px-Brian_Greene%2C_February_28%2C_2012.jpg
The Structure of Scientific Revolutions,Thomas Kuhn,Introduces paradigms in scientific progress.,Quantum computing advancements,https://en.wikipedia.org/wiki/The_Structure_of_Scientific_Revolutions,https://example.com/images/kuhn.jpg
Cosmos,Carl Sagan,Explores the universe and our place in it.,Exoplanet discoveries,https://en.wikipedia.org/wiki/Cosmos:_A_Personal_Voyage,https://example.com/images/sagan.jpg
Silent Spring,Rachel Carson,Highlights environmental issues.,Renewable energy trends,https://en.wikipedia.org/wiki/Silent_Spring,https://example.com/images/carson.jpg
The Origin of the Universe,Alan Guth,Proposes the inflationary model of the universe's origin.,Cosmological research,https://en.wikipedia.org/wiki/Chronology_of_the_universe,https://example.com/images/guth.jpg
The Blind Watchmaker,Richard Dawkins,Discusses evolution and critiques intelligent design.,Genetic research advancements,https://en.wikipedia.org/wiki/The_Blind_Watchmaker,https://example.com/images/dawkins.jpg
The Greatest Show on Earth,Richard Dawkins,Presents evidence for evolution and refutes creationism.,Genetic research advancements,https://en.wikipedia.org/wiki/The_Greatest_Show_on_Earth:_The_Evidence_for_Evolution,https://example.com/images/dawkins.jpg
On the Shoulders of Giants,Stephen Hawking,Explores the history of physics and major discoveries.,Quantum computing advancements,https://en.wikipedia.org/wiki/On_the_Shoulders_of_Giants_(book),https://example.com/images/hawking.jpg
The Language Instinct,Steven Pinker,Discusses the evolution of language and cognitive abilities.,Neuroscience research,https://en.wikipedia.org/wiki/The_Language_Instinct,https://example.com/images/pinker.jpg
The Sixth Extinction,Elizabeth Kolbert,Examines mass extinctions and human impact on biodiversity.,Conservation efforts,https://en.wikipedia.org/wiki/The_Sixth_Extinction:_An_Unnatural_History,https://example.com/images/kolbert.jpg
The Double Helix,James D. Watson,Recounts the discovery of the DNA structure.,Genomic research advancements,https://en.wikipedia.org/wiki/The_Double_Helix,https://example.com/images/watson.jpg
The Red Queen,Matt Ridley,Discusses evolutionary arms races and competition.,Evolutionary biology research,https://en.wikipedia.org/wiki/The_Red_Queen:_Sex_and_the_Evolution_of_Human_Nature,https://example.com/images/ridley.jpg
The Singularity Is Near,Ray Kurzweil,Forecasts the future of technology and artificial intelligence.,AI and technological advancements,https://en.wikipedia.org/wiki/The_Singularity_Is_Near,https://encrypted-tbn1.gstatic.com/licensed-image?q=tbn:ANd9GcSiwKeWn3EBMl5yVcIR1O7SPUK1ORxLNZMlut7_pKIQZJs9KnZ4UrwSDhOzkEyxsW5hAADyW4syJtXDkHY
The Feynman Lectures on Physics,Richard Feynman,Covers various topics in physics with clarity and insight.,Physics education,https://en.wikipedia.org/wiki/The_Feynman_Lectures_on_Physics,https://example.com/images/feynman.jpg
The Extended Phenotype,Richard Dawkins,Explores the concept of genes influencing beyond an organism's body.,Genetic research advancements,https://en.wikipedia.org/wiki/The_Extended_Phenotype,https://example.com/images/dawkins.jpg
The Demon-Haunted World,Carl Sagan,Examines scientific skepticism and critical thinking.,Science education,https://en.wikipedia.org/wiki/The_Demon-Haunted_World,https://example.com/images/sagan.jpg
The Making of the Atomic Bomb,Richard Rhodes,Chronicles the history of nuclear physics and the atomic bomb.,Nuclear technology advancements,https://en.wikipedia.org/wiki/The_Making_of_the_Atomic_Bomb,https://example.com/images/rhodes.jpg
The Road to Reality,Roger Penrose,Explores the nature of mathematics and physics.,Quantum physics and mathematics,https://en.wikipedia.org/wiki/The_Road_to_Reality,https://example.com/images/penrose.jpg
The Immortal Life of Henrietta Lacks,Rebecca Skloot,Recounts the story of Henrietta Lacks and her immortal cells.,Medical research and ethics,https://en.wikipedia.org/wiki/The_Immortal_Life_of_Henrietta_Lacks,https://example.com/images/skloot.jpg
The Mind's I,Douglas Hofstadter and Daniel Dennett,Explores consciousness and artificial intelligence.,Philosophy of mind,https://en.wikipedia.org/wiki/The_Mind%27s_I,https://example.com/images/hofstadter.jpg
The God Delusion,Richard Dawkins,Challenges religious beliefs and advocates for atheism.,Secularism and skepticism,https://en.wikipedia.org/wiki/The_God_Delusion,https://example.com/images/dawkins.jpg
The Extended Phenotype,Richard Dawkins,Explores the concept of genes influencing beyond an organism's body.,Genetic research advancements,https://en.wikipedia.org/wiki/The_Universe_in_a_Nutshell,https://example.com/images/dawkins2.jpg
The Demon-Haunted World,Carl Sagan,Examines scientific skepticism and critical thinking.,Science education,https://en.wikipedia.org/wiki/Sapiens:_A_Brief_History_of_Humankind,https://example.com/images/sagan2.jpg
The Making of the Atomic Bomb,Richard Rhodes,Chronicles the history of nuclear physics and the atomic bomb.,Nuclear technology advancements,"https://en.wikipedia.org/wiki/The_Innovators:_How_a_Group_of_Hackers,_Geniuses,_and_Geeks_Created_the_Digital_Revolution",https://example.com/images/rhodes2.jpg
The Road to Reality,Roger Penrose,Explores the nature of mathematics and physics.,Quantum physics and mathematics,https://en.wikipedia.org/wiki/The_Emperor_of_All_Maladies,https://example.com/images/penrose2.jpg
The Immortal Life of Henrietta Lacks,Rebecca Skloot,Recounts the story of Henrietta Lacks and her immortal cells.,Medical research and ethics,https://en.wikipedia.org/wiki/Einstein:_His_Life_and_Universe,https://example.com/images/skloot2.jpg
The Mind's I,Douglas Hofstadter and Daniel Dennett,Explores consciousness and artificial intelligence.,Philosophy of mind,https://en.wikipedia.org/wiki/The_Code_Book,https://example.com/images/hofstadter2.jpg
The God Delusion,Richard Dawkins,Challenges religious beliefs and advocates for atheism.,Secularism and skepticism,https://en.wikipedia.org/wiki/The_Art_of_War,https://example.com/images/dawkins2.jpg
The Universe in a Nutshell,Stephen Hawking,Explores theoretical physics and cosmology.,Quantum computing advancements,https://en.wikipedia.org/wiki/Homo_Deus:_A_Brief_History_of_Tomorrow,https://example.com/images/hawking.jpg
Sapiens: A Brief History of Humankind,Yuval Noah Harari,Traces the history and evolution of Homo sapiens.,Anthropology and history research,https://en.wikipedia.org/wiki/A_Short_History_of_Nearly_Everything,https://example.com/images/harari.jpg
The Innovators,Walter Isaacson,Profiles innovators in technology and their contributions.,Tech entrepreneurship,https://en.wikipedia.org/wiki/The_Art_of_Learning,https://example.com/images/isaacson.jpg
The Emperor of All Maladies,Siddhartha Mukherjee,Traces the history of cancer and treatments.,Medical research and oncology,https://en.wikipedia.org/wiki/The_Man_Who_Knew_Infinity_(book),https://example.com/images/mukherjee.jpg
Einstein: His Life and Universe,Walter Isaacson,Chronicles the life and achievements of Albert Einstein.,Physics and relativity research,https://en.wikipedia.org/wiki/The_Tipping_Point,https://example.com/images/einstein.jpg
The Code Book,Simon Singh,Explores the history and significance of cryptography.,Cybersecurity advancements,https://en.wikipedia.org/wiki/Outliers:_The_Story_of_Success,https://example.com/images/singh.jpg
The Art of War,Sun Tzu,Offers strategies and tactics for military and leadership.,Strategic planning,https://en.wikipedia.org/wiki/The_Lean_Startup,https://example.com/images/sun-tzu.jpg
Homo Deus: A Brief History of Tomorrow,Yuval Noah Harari,Speculates on the future of humanity and technology.,Futurism and AI advancements,https://en.wikipedia.org/wiki/The_World_Is_Flat,https://example.com/images/harari.jpg
A Short History of Nearly Everything,Bill Bryson,Discusses scientific discoveries and natural history.,Science education,https://en.wikipedia.org/wiki/The_Power_of_Now,https://example.com/images/bryson.jpg
The Art of Learning,Josh Waitzkin,Shares insights on learning and mastery.,Educational psychology,https://en.wikipedia.org/wiki/The_Catcher_in_the_Rye,https://example.com/images/waitzkin.jpg
The Man Who Knew Infinity,Robert Kanigel,Biography of mathematician Srinivasa Ramanujan.,Mathematics and number theory,https://en.wikipedia.org/wiki/To_Kill_a_Mockingbird,https://example.com/images/kanigel.jpg
The Tipping Point,Malcolm Gladwell,Explores social phenomena and tipping points.,Social psychology research,https://en.wikipedia.org/wiki/Odyssey,https://example.com/images/gladwell.jpg
Outliers: The Story of Success,Malcolm Gladwell,Investigates factors contributing to success.,Success psychology,https://en.wikipedia.org/wiki/The_Great_Gatsby,https://example.com/images/gladwell.jpg
The Lean Startup,Eric Ries,Presents principles for startup success and innovation.,Entrepreneurship strategies,https://en.wikipedia.org/wiki/Brave_New_World,https://example.com/images/ries.jpg
The World Is Flat,Thomas L. Friedman,Discusses globalization and its impact on economies.,Global business trends,https://en.wikipedia.org/wiki/The_Road_Less_Traveled,https://example.com/images/friedman.jpg
The Power of Now,Eckhart Tolle,Focuses on mindfulness and living in the present.,Spirituality and personal development,https://en.wikipedia.org/wiki/The_Power_of_Habit,https://example.com/images/tolle.jpg
The Catcher in the Rye,J.D. Salinger,Classic novel exploring teenage angst and rebellion.,Literary analysis,https://en.wikipedia.org/wiki/The_Alchemist_(novel),https://example.com/images/salinger.jpg
To Kill a Mockingbird,Harper Lee,Addresses racial injustice and moral growth.,Literary analysis,https://en.wikipedia.org/wiki/The_7_Habits_of_Highly_Effective_People,https://example.com/images/lee.jpg
The Odyssey,Homer,Epic poem recounting the adventures of Odysseus.,Literary analysis,https://en.wikipedia.org/wiki/The_Four_Agreements,https://example.com/images/homer.jpg
The Great Gatsby,F. Scott Fitzgerald,Classic novel portraying the Jazz Age and American Dream.,Literary analysis,https://en.wikipedia.org/wiki/The_Art_of_Happiness,https://example.com/images/fitzgerald.jpg
Brave New World,Aldous Huxley,Classic dystopian novel exploring societal control.,Literary analysis,https://en.wikipedia.org/wiki/The_Secret_(book),https://example.com/images/huxley.jpg
The Road Less Traveled,M. Scott Peck,Explores personal growth and self-discipline.,Psychological well-being,https://en.wikipedia.org/wiki/The_Power_of_Positive_Thinking,https://example.com/images/peck.jpg
The Power of Habit,Charles Duhigg,Investigates the science of habit formation and change.,Behavioral psychology,https://en.wikipedia.org/wiki/The_Power_of_Habit,https://example.com/images/duhigg.jpg
The Alchemist,Paulo Coelho,A philosophical novel about personal dreams and destiny.,Literary analysis,https://en.wikipedia.org/wiki/The_Alchemist_(novel),https://example.com/images/coelho.jpg
The 7 Habits of Highly Effective People,Stephen R. Covey,Outlines principles for personal and professional effectiveness.,Self-improvement strategies,https://en.wikipedia.org/wiki/The_7_Habits_of_Highly_Effective_People,https://example.com/images/covey.jpg
The Four Agreements,Don Miguel Ruiz,Offers spiritual wisdom and personal freedom insights.,Mindfulness practices,https://en.wikipedia.org/wiki/The_Four_Agreements,https://example.com/images/ruiz.jpg
The Art of Happiness,Dalai Lama and Howard Cutler,Discusses principles for a happy and fulfilling life.,Positive psychology,https://en.wikipedia.org/wiki/The_Art_of_Happiness,https://example.com/images/dalai-lama.jpg
The Secret,Rhonda Byrne,Introduces the law of attraction and positive thinking.,Self-help philosophy,https://en.wikipedia.org/wiki/The_Secret_(book),https://example.com/images/byrne.jpg
The Power of Positive Thinking,Norman Vincent Peale,Emphasizes the role of optimism in achieving success.,Positive psychology,https://en.wikipedia.org/wiki/The_Power_of_Positive_Thinking,https://example.com/images/peale.jpg
The 48 Laws of Power,Robert Greene,Examines strategies for achieving power and influence.,Leadership tactics,https://en.wikipedia.org/wiki/The_48_Laws_of_Power,https://example.com/images/greene2.jpg
The Art of War,Sun Tzu,Offers strategies and tactics for military and leadership.,Strategic planning,https://en.wikipedia.org/wiki/The_Art_of_War,https://example.com/images/sun-tzu.jpg
The 5 Love Languages,Gary Chapman,Explores ways to express and receive love effectively.,Relationship psychology,https://en.wikipedia.org/wiki/The_Five_Love_Languages,https://example.com/images/chapman.jpg
The Richest Man in Babylon,George S. Clason,Provides financial wisdom and principles for wealth-building.,Personal finance strategies,https://en.wikipedia.org/wiki/The_Richest_Man_in_Babylon,https://example.com/images/clason.jpg
The Power of Now,Eckhart Tolle,Focuses on mindfulness and living in the present.,Spirituality and personal development,https://en.wikipedia.org/wiki/The_Power_of_Now,https://example.com/images/tolle.jpg
The 4-Hour Workweek,Tim Ferriss,Introduces lifestyle design and productivity strategies.,Entrepreneurship and work-life balance,https://en.wikipedia.org/wiki/The_4-Hour_Workweek,https://example.com/images/ferriss.jpg
The Lean Startup,Eric Ries,Presents principles for startup success and innovation.,Entrepreneurship strategies,https://en.wikipedia.org/wiki/The_Lean_Startup,https://example.com/images/ries.jpg
The Innovator's Dilemma,Clayton M. Christensen,Explores disruptive innovation and business strategies.,Technology and business trends,https://en.wikipedia.org/wiki/The_Innovator%27s_Dilemma,https://example.com/images/christensen.jpg
The 80/20 Principle,Richard Koch,Emphasizes the Pareto principle for efficiency and effectiveness.,Productivity techniques,https://en.wikipedia.org/wiki/Principle_of_pareto_optimality,https://example.com/images/koch.jpg
The Art of Possibility,Rosamund Stone Zander and Benjamin Zander,Encourages a mindset of possibility and creativity.,Creative thinking approaches,https://en.wikipedia.org/wiki/The_Art_of_Possibility,https://example.com/images/zander.jpg
The Gifts of Imperfection,Brené Brown,Encourages embracing imperfections and vulnerability.,Self-compassion and authenticity,https://en.wikipedia.org/wiki/The_Gifts_of_Imperfection,https://example.com/images/brown.jpg
The Miracle Morning,Hal Elrod,Presents a morning routine for personal growth and success.,Morning rituals and productivity,https://en.wikipedia.org/wiki/The_Miracle_Morning,https://example.com/images/elrod.jpg
The Power of Vulnerability,Brené Brown,Discusses the strength in vulnerability and authenticity.,Emotional intelligence,https://en.wikipedia.org/wiki/The_Power_of_Vulnerability,https://example.com/images/brown2.jpg
The 5 AM Club,Robin Sharma,Advocates for early morning routines and productivity.,Morning rituals and self-improvement,https://en.wikipedia.org/wiki/The_5_AM_Club,https://example.com/images/sharma.jpg
The 7 Spiritual Laws of Success,Deepak Chopra,Offers spiritual principles for achieving success.,Spirituality and personal growth,https://en.wikipedia.org/wiki/The_Seven_Spiritual_Laws_of_Success,https://example.com/images/chopra.jpg
The Millionaire Next Door,Thomas J. Stanley and William D. Danko,Profiles habits and behaviors of wealthy individuals.,Personal finance and wealth-building,https://en.wikipedia.org/wiki/The_Millionaire_Next_Door,https://example.com/images/stanley.jpg
The Happiness Project,Gretchen Rubin,Documents a year-long journey to improve happiness and well-being.,Positive psychology and self-improvement,https://en.wikipedia.org/wiki/The_Happiness_Project,https://example.com/images/rubin.jpg
Introduction to Robotics,John J. Craig,Explores principles of robotic design and control.,AI integration in robotics,https://en.wikipedia.org/wiki/Robotics,https://example.com/images/craig.jpg
Fundamentals of Electric Circuits,Charles K. Alexander and Matthew N. O. Sadiku,Covers basic concepts in electrical circuit analysis.,Renewable energy systems,https://en.wikipedia.org/wiki/Fundamentals_of_Electric_Circuits,https://example.com/images/alexander.jpg
Structural Analysis,R.C. Hibbeler,Discusses techniques for analyzing structures under loads.,Advanced materials in construction,https://en.wikipedia.org/wiki/Structural_analysis,https://example.com/images/hibbeler.jpg
Fluid Mechanics,Frank M. White,Explores the behavior of fluids and fluid dynamics.,Renewable energy applications,https://en.wikipedia.org/wiki/Fluid_mechanics,https://example.com/images/white.jpg
Machine Design,Robert L. Norton,Covers principles of mechanical design and machine elements.,Additive manufacturing advancements,https://en.wikipedia.org/wiki/Machine_design,https://example.com/images/norton.jpg
Engineering Mechanics: Dynamics,J.L. Meriam and L.G. Kraige,Examines motion and forces in mechanical systems.,Biomechanics and robotics,https://en.wikipedia.org/wiki/Engineering_mechanics,https://example.com/images/meriam.jpg
Principles of Heat Transfer,Frank Kreith,Introduces heat transfer mechanisms and applications.,Thermal energy storage technologies,https://en.wikipedia.org/wiki/Heat_transfer,https://example.com/images/kreith.jpg
Introduction to Materials Science,William D. Callister Jr.,Covers properties and applications of engineering materials.,Nanomaterials and composites,https://en.wikipedia.org/wiki/Materials_science,https://example.com/images/callister.jpg
Digital Signal Processing,John G. Proakis and Dimitris G. Manolakis,Discusses techniques for analyzing and processing signals.,AI-driven signal processing,https://en.wikipedia.org/wiki/Digital_signal_processing,https://example.com/images/proakis.jpg
Engineering Thermodynamics,Yunus A. Çengel and Michael A. Boles,Focuses on energy transfer and thermodynamic systems.,Renewable energy efficiency,https://en.wikipedia.org/wiki/Engineering_thermodynamics,https://example.com/images/cengel.jpg
Control Systems Engineering,Norman S. Nise,Explores control theory and system dynamics.,Autonomous systems and robotics,https://en.wikipedia.org/wiki/Control_systems_engineering,https://example.com/images/nise.jpg
Engineering Economic Analysis,Donald G. Newnan,Analyzes engineering projects from an economic perspective.,Sustainable development strategies,https://en.wikipedia.org/wiki/Engineering_economic_analysis,https://example.com/images/newnan.jpg
Engineering Ethics,Charles E. Harris Jr. and Michael S. Pritchard,Examines ethical dilemmas in engineering practice.,AI ethics and responsible innovation,https://en.wikipedia.org/wiki/Engineering_ethics,https://example.com/images/harris.jpg
Environmental Engineering,Howard S. Peavy and Donald R. Rowe,Focuses on water and wastewater treatment processes.,Green infrastructure solutions,https://en.wikipedia.org/wiki/Environmental_engineering,https://example.com/images/peavy.jpg
Fundamentals of Geotechnical Engineering,Braja M. Das,Introduces soil mechanics and foundation engineering.,Geotechnical innovations,https://en.wikipedia.org/wiki/Geotechnical_engineering,https://example.com/images/das.jpg
Fundamentals of Computer Networks,Larry L. Peterson and Bruce S. Davie,Discusses network architectures and protocols.,5G and IoT networking,https://en.wikipedia.org/wiki/Computer_networks,https://example.com/images/peterson.jpg
Fundamentals of Electric Power Engineering,Chen-Ching Liu,Focuses on power system analysis and generation.,Smart grid technologies,https://en.wikipedia.org/wiki/Electric_power_engineering,https://example.com/images/liu.jpg
Introduction to Control Engineering,Derek P. Atherton,Introduces control systems and feedback mechanisms.,Autonomous vehicle control,https://en.wikipedia.org/wiki/Control_engineering,https://example.com/images/atherton.jpg
Fundamentals of Structural Engineering,Jerome J. Connor and Susan Faraji,Explores structural analysis and design principles.,Resilient infrastructure design,https://en.wikipedia.org/wiki/Structural_engineering,https://example.com/images/connor.jpg
Introduction to Finite Element Analysis,Robert D. Cook,Focuses on numerical methods for structural analysis.,Advanced simulation techniques,https://en.wikipedia.org/wiki/Finite_element_analysis,https://example.com/images/cook.jpg
Introduction to Renewable Energy Systems,Vladimir Strezov and Tonka Kantcheva,Explores sustainable energy sources and technologies.,Solar and wind energy innovations,https://en.wikipedia.org/wiki/Renewable_energy,https://example.com/images/strezov.jpg
Engineering Drawing and Design,David A. Madsen and David P. Madsen,Covers technical drawing and CAD design principles.,Digital design and prototyping tools,https://en.wikipedia.org/wiki/Engineering_drawing,https://example.com/images/madsen.jpg
Engineering Dynamics,Jerry Ginsberg and Joseph Genin,Analyzes dynamics and motion in mechanical systems.,Robotics and automation advancements,https://en.wikipedia.org/wiki/Engineering_dynamics,https://example.com/images/ginsberg.jpg
Introduction to Algorithms,Thomas H. Cormen et al.,Fundamental textbook on algorithms and data structures.,Algorithmic efficiency,https://en.wikipedia.org/wiki/Introduction_to_Algorithms,https://upload.wikimedia.org/wikipedia/commons/8/88/Thomas_H._Cormen_2.jpg
Operating System Concepts,Abraham Silberschatz et al.,Covers principles and design of operating systems.,Cloud computing and virtualization,https://en.wikipedia.org/wiki/Operating_systems,https://upload.wikimedia.org/wikipedia/commons/3/38/Abraham_Silberschatz.jpg
Computer Networks,Andrew S. Tanenbaum and David J. Wetherall,Covers network protocols and architectures.,5G technology and network security,https://en.wikipedia.org/wiki/Computer_network,https://upload.wikimedia.org/wikipedia/commons/5/53/Andrew_S_Tanenbaum_2012.jpg
Database Management Systems,Raghu Ramakrishnan et al.,Principles of database design and management.,Big data analytics and NoSQL databases,https://en.wikipedia.org/wiki/Database_management_system,https://upload.wikimedia.org/wikipedia/commons/thumb/1/1e/Raghu_Ramakrishnan_at_PVLDB_2012.jpg/440px-Raghu_Ramakrishnan_at_PVLDB_2012.jpg
Computer Architecture,John L. Hennessy and David A. Patterson,Explores hardware design and performance.,Quantum computing and parallel processing,https://en.wikipedia.org/wiki/Computer_architecture,https://upload.wikimedia.org/wikipedia/commons/e/ea/John_L_Hennessy.jpg
Artificial Intelligence: A Modern Approach,Stuart J. Russell and Peter Norvig,Covers AI algorithms and applications.,Machine learning and deep learning advancements,https://en.wikipedia.org/wiki/Artificial_intelligence,https://upload.wikimedia.org/wikipedia/commons/3/3d/Stuart_J._Russell.jpg
Software Engineering,Ian Sommerville,Covers software development methodologies.,Agile development and DevOps practices,https://en.wikipedia.org/wiki/Software_engineering,https://upload.wikimedia.org/wikipedia/commons/0/09/Ian_Sommerville_2004.jpg
Introduction to Robotics,John J. Craig,Principles of robot design and control.,Industry 4.0 and robotic automation,https://en.wikipedia.org/wiki/Robotics,https://upload.wikimedia.org/wikipedia/commons/2/2e/John_Joseph_Craig.jpg
Computer Graphics: Principles and Practice,John F. Hughes et al.,Covers algorithms and techniques for computer graphics.,Virtual reality and augmented reality,https://en.wikipedia.org/wiki/Computer_graphics,https://upload.wikimedia.org/wikipedia/commons/4/4c/John_Hughes_MIT.jpg
Compiler Construction,Alfred V. Aho et al.,Discusses principles of compiler design.,Optimizing compilers and LLVM framework,https://en.wikipedia.org/wiki/Compiler_construction,https://upload.wikimedia.org/wikipedia/commons/3/3f/Alfred_Aho.jpg
Introduction to Machine Learning,Ethem Alpaydin,Covers machine learning algorithms and applications.,Deep learning and reinforcement learning,https://en.wikipedia.org/wiki/Machine_learning,https://upload.wikimedia.org/wikipedia/commons/0/0e/Ethem_Alpaydin.jpg
Distributed Systems,Andrew S. Tanenbaum and Maarten Van Steen,Principles of distributed computing and systems.,Blockchain technology and decentralized networks,https://en.wikipedia.org/wiki/Distributed_computing,https://upload.wikimedia.org/wikipedia/commons/c/cc/Andrew_S_Tanenbaum_2012b.jpg
Introduction to Cybersecurity,Michael T. Goodrich and Roberto Tamassia,Discusses cybersecurity principles and practices.,Cyber threat intelligence and ethical hacking,https://en.wikipedia.org/wiki/Cybersecurity,https://upload.wikimedia.org/wikipedia/commons/2/2e/Roberto_Tamassia.jpg
The C Programming Language,Brian Kernighan and Dennis Ritchie,Classic book on C programming.,Embedded systems and IoT development,https://en.wikipedia.org/wiki/C_(programming_language),https://upload.wikimedia.org/wikipedia/commons/4/4d/Dennis_Ritchie_2011.jpg
Computer Vision: Algorithms and Applications,Richard Szeliski,Covers algorithms and techniques in computer vision.,Image recognition and object detection,https://en.wikipedia.org/wiki/Computer_vision,https://upload.wikimedia.org/wikipedia/commons/2/27/Richard_Szeliski.jpg
Information Retrieval: Implementing and Evaluating Search Engines,Stefan Büttcher et al.,Discusses search engine technologies and algorithms.,Semantic search and natural language processing,https://en.wikipedia.org/wiki/Information_retrieval,https://upload.wikimedia.org/wikipedia/commons/d/d7/Stefan_Buettcher.jpg
Introduction to Data Mining,Pang-Ning Tan et al.,Covers data mining techniques and applications.,Predictive analytics and big data mining,https://en.wikipedia.org/wiki/Data_mining,https://upload.wikimedia.org/wikipedia/commons/8/86/Michael_Steinbach.jpg
Computer Organization and Design,David A. Patterson and John L. Hennessy,Covers principles of computer organization.,Quantum computing architectures,https://en.wikipedia.org/wiki/Computer_organization_and_design,https://upload.wikimedia.org/wikipedia/commons/4/4b/David_A._Patterson.jpg
Data Structures and Algorithms in Java,Robert Lafore,Covers data structures and algorithms in Java programming.,Functional programming and reactive systems,https://en.wikipedia.org/wiki/Data_structures,https://upload.wikimedia.org/wikipedia/commons/9/9c/Robert_Lafore.jpg
Introduction to Cryptography,Christof Paar and Jan Pelzl,Principles and applications of cryptography.,Quantum cryptography and post-quantum algorithms,https://en.wikipedia.org/wiki/Cryptography,https://upload.wikimedia.org/wikipedia/commons/5/5e/Christof_Paar.jpg
Operating Systems: Internals and Design Principles,William Stallings,Covers internals and design of modern operating systems.,Cloud-native computing and containerization,https://en.wikipedia.org/wiki/Operating_system,https://upload.wikimedia.org/wikipedia/commons/2/27/William_Stallings.jpg
Computer Networks: A Systems Approach,Larry L. Peterson and Bruce S. Davie,Covers network protocols and systems design.,Software-defined networking and network function virtualization,https://en.wikipedia.org/wiki/Computer_network,https://upload.wikimedia.org/wikipedia/commons/4/45/Larry_Pet
The Elements of Style,William Strunk Jr. and E.B. White,Classic guide to English grammar and style.,Language usage and editing tips,https://en.wikipedia.org/wiki/The_Elements_of_Style,https://example.com/images/strunk-white.jpg
On Writing: A Memoir of the Craft,Stephen King,Combines memoir with advice on writing fiction.,Creative writing techniques,https://en.wikipedia.org/wiki/On_Writing:_A_Memoir_of_the_Craft,https://example.com/images/king.jpg
Bird by Bird: Some Instructions on Writing and Life,Anne Lamott,Encourages writers with practical and humorous advice.,Writing inspiration and techniques,https://en.wikipedia.org/wiki/Bird_by_Bird,https://example.com/images/lamott.jpg
The Copywriter's Handbook,Robert W. Bly,Guide to writing persuasive advertising and marketing copy.,Copywriting strategies and techniques,https://en.wikipedia.org/wiki/Copywriting,https://example.com/images/bly.jpg
The Chicago Manual of Style,University of Chicago Press,Comprehensive style guide for publishing and editing.,Editing and publishing standards,https://en.wikipedia.org/wiki/Chicago_Manual_of_Style,https://example.com/images/chicago-manual.jpg
Eats, Shoots & Leaves:Lynne Truss,Examines punctuation and grammar with humor.,Punctuation and grammar rules,"https://en.wikipedia.org/wiki/Eats,_Shoots_%26_Leaves",https://example.com/images/truss.jpg
The Sense of Style: The Thinking Person's Guide to Writing in the 21st Century,Steven Pinker,Explores modern language usage and style.,Language evolution and communication,https://en.wikipedia.org/wiki/The_Sense_of_Style,https://example.com/images/pinker.jpg
How to Write a Sentence: And How to Read One,Stanley Fish,Analyzes the structure and impact of sentences.,Sentence construction and analysis,https://en.wikipedia.org/wiki/How_to_Write_a_Sentence,https://example.com/images/fish.jpg
The AP Stylebook,Associated Press,Style guide for journalists and news writing.,Journalism standards and writing style,https://en.wikipedia.org/wiki/AP_Stylebook,https://example.com/images/ap-style.jpg
The Writing Life,Annie Dillard,Reflections on the writing process and creativity.,Writing inspiration and personal experiences,https://en.wikipedia.org/wiki/The_Writing_Life,https://example.com/images/dillard.jpg
The Art of Fiction,John Gardner,Explores the craft and techniques of writing fiction.,Fiction writing strategies,https://en.wikipedia.org/wiki/The_Art_of_Fiction,https://example.com/images/gardner.jpg
Steering the Craft,Ursula K. Le Guin,Guide to mastering the art of writing.,Creative writing techniques and exercises,https://en.wikipedia.org/wiki/Steering_the_Craft,https://example.com/images/le-guin.jpg
The Writing Revolution,Judith C. Hochman and Natalie Wexler,Advocates for structured writing instruction in education.,Education and writing pedagogy,https://en.wikipedia.org/wiki/The_Writing_Revolution,https://example.com/images/hochman-wexler.jpg
Writing Tools: 50 Essential Strategies for Every Writer,Roy Peter Clark,Offers practical writing techniques and strategies.,Writing improvement and creativity,https://en.wikipedia.org/wiki/Writing_Tools,https://example.com/images/clark.jpg
Writing with Power,Peter Elbow,Emphasizes free writing and overcoming writer's block.,Writing confidence and creativity,https://en.wikipedia.org/wiki/Writing_with_Power,https://example.com/images/elbow.jpg
The Oxford Style Manual,R. M. Ritter and New Hart's Rules,Style guide for academic writing and publishing.,Academic writing standards,https://en.wikipedia.org/wiki/Oxford_Style_Manual,https://example.com/images/oxford-style.jpg
The Oxford Guide to Plain English,Martin Cutts,Encourages clear and concise writing for all audiences.,Plain language writing principles,https://en.wikipedia.org/wiki/Oxford_Guide_to_Plain_English,https://example.com/images/cutts.jpg
Writing Down Your Soul,Janet Conner,Connects writing with spirituality and personal growth.,Journaling for self-discovery,https://en.wikipedia.org/wiki/Writing_Down_Your_Soul,https://example.com/images/conner.jpg
The Art of Creative Writing,Lajos Egri,Discusses techniques and principles for creative writing.,Creative writing strategies,https://en.wikipedia.org/wiki/Creative_writing,https://example.com/images/egri.jpg
The Elements of Eloquence: How to Turn the Perfect English Phrase,Mark Forsyth,Explores rhetorical devices and language play.,Rhetorical techniques in communication,https://en.wikipedia.org/wiki/The_Elements_of_Eloquence,https://example.com/images/forsyth.jpg
The Book of Dead Languages,Karen E. Taylor,Introduces obscure and extinct languages in literature.,Linguistics and language history,https://en.wikipedia.org/wiki/Dead_language,https://example.com/images/taylor.jpg
The Making of a Story: A Norton Guide to Creative Writing,Alice LaPlante,Comprehensive guide to crafting compelling stories.,Storytelling techniques and structure,https://en.wikipedia.org/wiki/The_Making_of_a_Story,https://example.com/images/laplante.jpg
GPT-4: Advancements in Language AI,OpenAI,Introduces GPT-4's capabilities in natural language understanding.,AI language models,https://en.wikipedia.org/wiki/GPT-4,https://example.com/images/openai.jpg
Transformers: State-of-the-Art in NLP,Vaswani et al.,Explains the architecture and applications of Transformers in NLP.,NLP advancements,https://en.wikipedia.org/wiki/Transformer_(machine_learning_model),https://example.com/images/transformers.jpg
BERT: Bidirectional Encoder Representations from Transformers,Jacob et al.,Details BERT's impact on language understanding tasks.,BERT architecture,https://en.wikipedia.org/wiki/BERT_(language_model),https://example.com/images/bert.jpg
DeepMind's AlphaFold: Protein Folding Prediction,DeepMind,Revolutionizes protein structure prediction using deep learning.,Bioinformatics and AI,https://en.wikipedia.org/wiki/AlphaFold,https://example.com/images/deepmind.jpg
GANs: Generative Adversarial Networks,Goodfellow et al.,Explores GANs' capabilities in generating realistic data.,Generative modeling,https://en.wikipedia.org/wiki/Generative_adversarial_networks,https://example.com/images/gans.jpg
NeuroSymbolic AI: Bridging Logic and Deep Learning,Garcez et al.,Combines symbolic reasoning with deep learning for robust AI.,AI hybrid models,https://en.wikipedia.org/wiki/Neurosymbolic_AI,https://example.com/images/neurosymbolic.jpg
BERT-based Question Answering Systems,Liu et al.,Develops QA systems using BERT for improved accuracy.,QA with BERT,https://en.wikipedia.org/wiki/Question_answering,https://example.com/images/bert-qa.jpg
Federated Learning: Collaborative AI Training,McMahan et al.,Describes federated learning for training models on decentralized data.,Decentralized ML,https://en.wikipedia.org/wiki/Federated_learning,https://example.com/images/federated-learning.jpg
Meta-Learning: Fast Adaptation to New Tasks,Finn et al.,Introduces meta-learning techniques for rapid model adaptation.,Meta-learning methods,https://en.wikipedia.org/wiki/Meta-learning,https://example.com/images/meta-learning.jpg
Capsule Networks: Dynamic Routing in AI,Hinton et al.,Proposes capsule networks for better hierarchical representation learning.,CapsNets advancements,https://en.wikipedia.org/wiki/Capsule_network,https://example.com/images/capsule-networks.jpg
Explainable AI: Interpretable Machine Learning,Rudin et al.,Focuses on AI models that provide transparent explanations.,XAI techniques,https://en.wikipedia.org/wiki/Explainable_Artificial_Intelligence,https://example.com/images/xai.jpg
Quantum Machine Learning: AI in Quantum Computing,Biamonte et al.,Explores the intersection of AI and quantum computing.,Quantum ML developments,https://en.wikipedia.org/wiki/Quantum_machine_learning,https://example.com/images/quantum-ml.jpg
AI Ethics: Responsible AI Development,Floridi and Cowls,Addresses ethical considerations in AI design and deployment.,Ethical AI principles,https://en.wikipedia.org/wiki/Ethics_of_artificial_intelligence,https://example.com/images/ai-ethics.jpg
Reinforcement Learning: Advances in RL Algorithms,Sutton and Barto,Details recent improvements in reinforcement learning techniques.,RL algorithms,https://en.wikipedia.org/wiki/Reinforcement_learning,https://example.com/images/rl.jpg
Graph Neural Networks: AI for Graph Data,Battaglia et al.,Applies deep learning to graph-structured data for diverse applications.,GNNs in graph analytics,https://en.wikipedia.org/wiki/Graph_neural_network,https://example.com/images/gnn.jpg
AI in Healthcare: Applications of ML and DL,Futoma et al.,Explores AI's impact on medical diagnosis and treatment.,Medical AI advancements,https://en.wikipedia.org/wiki/Machine_learning_in_healthcare,https://example.com/images/medical-ai.jpg
Self-Supervised Learning: Unsupervised AI Training,Chen et al.,Introduces methods for training AI models without explicit labels.,SSL techniques,https://en.wikipedia.org/wiki/Self-supervised_learning,https://example.com/images/self-supervised.jpg
Multi-Task Learning: Efficient AI Model Training,Ruder et al.,Discusses multi-task learning for training models on diverse tasks.,MTL strategies,https://en.wikipedia.org/wiki/Multi-task_learning,https://example.com/images/mtl.jpg
Attention Mechanisms: Key to Transformer Models,Vaswani et al.,Details attention mechanisms' role in Transformer-based models.,Attention in Transformers,https://en.wikipedia.org/wiki/Attention_mechanism,https://example.com/images/attention.jpg
AI in Finance: Machine Learning for Financial Analysis,Wang et al.,Applies ML techniques for risk assessment and investment strategies.,Financial AI applications,https://en.wikipedia.org/wiki/Machine_learning_in_finance,https://example.com/images/finance-ai.jpg
Deep Reinforcement Learning: Advances in DRL Techniques,Silver et al.,Presents advancements in deep reinforcement learning algorithms.,DRL algorithms,https://en.wikipedia.org/wiki/Deep_reinforcement_learning,https://example.com/images/deep-rl.jpg
Neural Architecture Search: Automated Model Design,Zoph and Le,Utilizes AI for automatically designing neural network architectures.,NAS methods,https://en.wikipedia.org/wiki/Neural_architecture_search,https://example.com/images/nas.jpg
AI in Robotics: Applications of ML in Robotic Systems,Kober et al.,Integrates ML algorithms into robotic control and perception.,Robotics and AI integration,https://en.wikipedia.org/wiki/Artificial_intelligence_in_robotics,https://example.com/images/ai-robotics.jpg
AI-Powered Chatbots: Conversational AI Systems,Serban et al.,Develops advanced chatbots using natural language understanding.,Chatbot technologies,https://en.wikipedia.org/wiki/Chatbot,https://example.com/images/chatbots.jpg
AI in Agriculture: Precision Farming with ML and IoT,Gongal et al.,Utilizes AI and IoT for optimizing agricultural processes.,Agricultural AI innovations,https://en.wikipedia.org/wiki/Agricultural_robot,https://example.com/images/agri-ai.jpg
Biomedical Signal Processing,Reza Fazel-Rezai,Analyzes signals from biological systems for medical diagnosis and monitoring.,Machine learning in medical signal processing,https://en.wikipedia.org/wiki/Biomedical_signal_processing,https://example.com/images/fazel-rezai.jpg
Biomechanics: Principles and Applications,Donald R. Peterson,Explores mechanical principles in biological systems and their medical applications.,Biomaterials and prosthetics advancements,https://en.wikipedia.org/wiki/Biomechanics,https://example.com/images/peterson.jpg
Bioinstrumentation and Biosensors,Richard B. Dorf,Focuses on instrumentation for biological systems and sensor technologies in medicine.,Implantable biosensors and wearable health devices,https://en.wikipedia.org/wiki/Biosensor,https://example.com/images/dorf.jpg
Medical Robotics and Automation,Jaydev P. Desai,Examines robotic systems for surgical procedures and patient care.,Telemedicine robotics and surgical AI,https://en.wikipedia.org/wiki/Medical_robotics,https://example.com/images/desai.jpg
Biomedical Engineering Handbook,Joseph D. Bronzino,Comprehensive guide covering various aspects of biomedical engineering.,Emerging trends in regenerative medicine,https://en.wikipedia.org/wiki/Biomedical_engineering,https://example.com/images/bronzino.jpg
Physiological Control Systems,Michael C. K. Khoo,Studies feedback control systems in physiological processes and medical devices.,Closed-loop therapy and neural prosthetics,https://en.wikipedia.org/wiki/Physiological_control_system,https://example.com/images/khoo.jpg
Biomedical Engineering Principles,Arthur B. Ritter,Introduces fundamental concepts in biomedical engineering and their applications.,Tissue engineering and biomaterials research,https://en.wikipedia.org/wiki/Biomedical_engineering,https://example.com/images/ritter.jpg
Medical Instrumentation: Application and Design,John G. Webster,Covers instrumentation design for medical diagnosis and treatment.,IoMT and wearable medical devices,https://en.wikipedia.org/wiki/Medical_instrumentation,https://example.com/images/webster.jpg
Biomechanics and Motor Control of Human Movement,David A. Winter,Explores mechanics and control in human movement for rehabilitation.,Robotic exoskeletons and neurorehabilitation,https://en.wikipedia.org/wiki/Biomechanics,https://example.com/images/winter.jpg
Biosignal and Biomedical Image Processing,John L. Semmlow,Focuses on signal and image processing techniques in medical applications.,Deep learning for medical image analysis,https://en.wikipedia.org/wiki/Biosignal,https://example.com/images/semmlow.jpg
Introduction to Medical Imaging,Elizabeth A. Krupinski,Provides an overview of medical imaging modalities and technologies.,Advances in molecular imaging techniques,https://en.wikipedia.org/wiki/Medical_imaging,https://example.com/images/krupinski.jpg
Biomedical Materials and Devices,Mike R. B. Williams,Examines materials science and device design for medical applications.,Smart biomaterials and bioelectronics,https://en.wikipedia.org/wiki/Biomedical_engineering,https://example.com/images/williams.jpg
Biomechanics in Orthodontics,Ravindra Nanda,Applies mechanical principles to orthodontic treatment and device design.,3D printing in orthodontic appliances,https://en.wikipedia.org/wiki/Biomechanics,https://example.com/images/nanda.jpg
Clinical Engineering Handbook,Joseph Dyro,Covers clinical engineering practices and medical device management.,Cybersecurity in healthcare technology,https://en.wikipedia.org/wiki/Clinical_engineering,https://example.com/images/dyro.jpg
Biomedical Engineering Ethics,Charles M. Harper,Examines ethical issues in biomedical engineering and healthcare.,Privacy and data ethics in medical technology,https://en.wikipedia.org/wiki/Biomedical_ethics,https://example.com/images/harper.jpg
Biomedical Informatics: Computer Applications in Health Care and Biomedicine,Edward H. Shortliffe,Explores informatics applications for healthcare systems and medical research.,AI and machine learning in healthcare informatics,https://en.wikipedia.org/wiki/Biomedical_informatics,https://example.com/images/shortliffe.jpg
Introduction to Biomedical Engineering Technology,Laurence J. Street,Introduces technological concepts in biomedical engineering.,Emerging technologies in telemedicine,https://en.wikipedia.org/wiki/Biomedical_engineering_technology,https://example.com/images/street.jpg
Biomedical Optical Imaging,Xingde Li,Focuses on optical imaging techniques in biomedical research and diagnostics.,Optical coherence tomography and imaging,https://en.wikipedia.org/wiki/Biomedical_optics,https://example.com/images/li.jpg
Medical Device Design and Innovation,Bronwyn Clarke,Examines the design process and innovation in medical devices.,Human-centered design in healthcare,https://en.wikipedia.org/wiki/Medical_device,https://example.com/images/clarke.jpg
Neural Engineering,Bijan Pesaran,Studies engineering applications in neural systems and brain-machine interfaces.,Neuroprosthetics and brain-computer interfaces,https://en.wikipedia.org/wiki/Neural_engineering,https://example.com/images/pesaran.jpg
Bioengineering Fundamentals,S. A. Berger,Introduces fundamental concepts in bioengineering and their applications.,Bioprinting and tissue engineering advancements,https://en.wikipedia.org/wiki/Bioengineering,https://example.com/images/berger.jpg
Biomedical Computing,Charles R. Cantor,Explores computational techniques in biomedical research and healthcare.,Bioinformatics and genomic data analysis,https://en.wikipedia.org/wiki/Biomedical_computing,https://example.com/images/cantor.jpg
Cardiovascular Engineering,Mark B. Ratcliffe,Focuses on engineering solutions for cardiovascular diseases and treatments.,Implantable cardiac devices and therapies,https://en.wikipedia.org/wiki/Cardiovascular_engineering,https://example.com/images/ratcliffe.jpg
Rocket Propulsion Elements,George P. Sutton,Comprehensive guide to rocket propulsion fundamentals.,Advancements in liquid and solid rocket engines,https://en.wikipedia.org/wiki/Rocket_propulsion,https://example.com/images/sutton.jpg
Fundamentals of Aerodynamics,John D. Anderson Jr.,Introduction to aerodynamic principles and theory.,Advancements in hypersonic and supersonic flight,https://en.wikipedia.org/wiki/Aerodynamics,https://example.com/images/anderson.jpg
Introduction to Space Dynamics,William J. Clancey,Overview of space vehicle dynamics and control.,Advancements in space exploration technologies,https://en.wikipedia.org/wiki/Orbital_mechanics,https://example.com/images/clancey.jpg
Rocket Men,Robert Kurson,Chronicles the Apollo 8 mission to the Moon.,Mars colonization and deep space exploration,https://en.wikipedia.org/wiki/Rocket_Men_(book),https://example.com/images/kurson.jpg
Fundamentals of Astrodynamics,David A. Vallado,Principles of spacecraft orbit and trajectory calculations.,Advancements in satellite navigation systems,https://en.wikipedia.org/wiki/Astrodynamics,https://example.com/images/vallado.jpg
Rocket Science for the Rest of Us,Ben Gilliland,Explains rocketry concepts in accessible language.,Private spaceflight and commercial launch services,https://en.wikipedia.org/wiki/Rocket_Science_for_the_Rest_of_Us,https://example.com/images/gilliland.jpg
Aerospace Engineering: A Very Short Introduction,Jonathan P. Allday,Overview of aerospace engineering principles and challenges.,Advancements in aerospace materials and design,https://en.wikipedia.org/wiki/Aerospace_engineering,https://example.com/images/allday.jpg
Ignition!,John D. Clark,Explores the history and science of rocket propellants.,Green propulsion and sustainable rocket fuels,https://en.wikipedia.org/wiki/Ignition!_(book),https://example.com/images/clark.jpg
Fundamentals of Airplane Flight Mechanics,David G. Hull,Principles of airplane flight dynamics and control.,Advancements in autonomous and electric aircraft,https://en.wikipedia.org/wiki/Aircraft_flight_mechanics,https://example.com/images/hull.jpg
The Rocket Company,Patrick J. G. Stiennon and David M. Hoerr,Examines the business and technology of rocket companies.,Space tourism and commercial space industry,https://en.wikipedia.org/wiki/The_Rocket_Company,https://example.com/images/stiennon.jpg
Introduction to Modern Navigation Systems,Mohammed K. Karim,Overview of satellite-based navigation and positioning systems.,Advancements in GPS and GNSS technologies,https://en.wikipedia.org/wiki/Navigation_system,https://example.com/images/karim.jpg
Aircraft Design: A Conceptual Approach,Daniel P. Raymer,Principles and methods of aircraft design.,Advancements in aerodynamic efficiency and fuel economy,https://en.wikipedia.org/wiki/Aircraft_Design:_A_Conceptual_Approach,https://example.com/images/raymer.jpg
Rocket Boys,Homer Hickam,Personal memoir of a NASA engineer's journey.,Mars exploration and space colonization,https://en.wikipedia.org/wiki/Rocket_Boys,https://example.com/images/hickam.jpg
Introduction to Aircraft Flight Mechanics,Yechout et al.,Fundamentals of aircraft flight dynamics and stability.,Advancements in aircraft autonomy and safety systems,https://en.wikipedia.org/wiki/Introduction_to_Aircraft_Flight_Mechanics,https://example.com/images/yechout.jpg
Rocket Ranch,Piers Bizony,Details the history of Kennedy Space Center.,SpaceX and private spaceport developments,https://en.wikipedia.org/wiki/Rocket_Ranch,https://example.com/images/bizony.jpg
Astronautics,Edward E. Zajac,Introduction to the science and engineering of spaceflight.,Advancements in space station technologies,https://en.wikipedia.org/wiki/Astronautics,https://example.com/images/zajac.jpg
Rocket Boys (Young Readers Edition),Homer Hickam,Adaptation for young readers about rocketry and dreams.,STEM education and youth space initiatives,https://en.wikipedia.org/wiki/Rocket_Boys_(Young_Readers_Edition),https://example.com/images/hickam2.jpg
Space Propulsion Analysis and Design,Ronald W. Humble et al.,Comprehensive guide to spacecraft propulsion systems.,Advancements in ion propulsion and interstellar travel,https://en.wikipedia.org/wiki/Space_Propulsion_Analysis_and_Design,https://example.com/images/humble.jpg
Flight Stability and Automatic Control,Robert C. Nelson,Principles of aircraft stability and control systems.,Advancements in fly-by-wire technology and flight automation,https://en.wikipedia.org/wiki/Flight_Stability_and_Automatic_Control,https://example.com/images/nelson.jpg
Rocket Fuel,Matt Killeen,Fictional story about a rocket scientist's mission.,SpaceX and reusable rocket innovations,https://en.wikipedia.org/wiki/Rocket_Fuel,https://example.com/images/killeen.jpg
Introduction to Aerospace Engineering,Daniel P. Raymer,Overview of aerospace engineering disciplines.,Advancements in space launch systems and space tourism,https://en.wikipedia.org/wiki/Introduction_to_Aerospace_Engineering,https://example.com/images/raymer2.jpg
The Right Stuff,Tom Wolfe,Chronicles the early years of the U.S. space program.,Commercial spaceflight and space exploration milestones,https://en.wikipedia.org/wiki/The_Right_Stuff_(book),https://example.com/images/wolfe.jpg
Aerodynamics for Engineering Students,E. L. Houghton et al.,Comprehensive guide to aerodynamics for engineering students.,Advancements in supersonic and hypersonic flight research,https://en.wikipedia.org/wiki/Aerodynamics_for_Engineering_Students,https://example.com/images/houghton.jpg
Living and Working in Space,Giovanni Caprara,Explores the challenges and experiences of astronauts in space.,Mars habitat design and space settlement concepts,https://en.wikipedia.org/wiki/Living_and_Working_in_Space,https://example.com/images/caprara.jpg
The Martian,Andy Weir,Fictional story about an astronaut stranded on Mars.,Space colonization and Mars exploration,https://en.wikipedia.org/wiki/The_Martian_(Weir_novel),https://example.com/images/weir.jpg
Clean Code,Robert C. Martin,Discusses software engineering best practices.,Code quality and refactoring,https://en.wikipedia.org/wiki/Clean_Code,https://upload.wikimedia.org/wikipedia/commons/8/88/Robert_Cecil_Martin.png
Design Patterns,Erich Gamma et al.,Introduces common design patterns in software development.,Software architecture patterns,https://en.wikipedia.org/wiki/Design_Patterns,https://upload.wikimedia.org/wikipedia/commons/9/9e/Erich_Gamma.jpg
Code Complete,Steve McConnell,Covers software construction principles and practices.,Coding methodologies,https://en.wikipedia.org/wiki/Code_Complete,https://upload.wikimedia.org/wikipedia/commons/8/89/Steve_McConnell_at_SDWest_2009.jpg
The Pragmatic Programmer,Andrew Hunt and David Thomas,Offers practical advice for software development.,Agile methodologies,https://en.wikipedia.org/wiki/The_Pragmatic_Programmer,https://upload.wikimedia.org/wikipedia/commons/0/0b/The_Pragmatic_Programmer.jpg
Refactoring,Martin Fowler,Explains techniques for improving code quality without changing functionality.,Continuous refactoring practices,https://en.wikipedia.org/wiki/Refactoring_(book),https://upload.wikimedia.org/wikipedia/commons/2/29/Martin_Fowler_%282008%29.jpg
Test-Driven Development,Kent Beck,Advocates writing tests before code to drive software development.,Agile testing approaches,https://en.wikipedia.org/wiki/Test-Driven_Development_by_Example,https://upload.wikimedia.org/wikipedia/commons/f/fe/Kent-beck.jpg
The Mythical Man-Month,Fred Brooks,Discusses software project management challenges.,Project management methodologies,https://en.wikipedia.org/wiki/The_Mythical_Man-Month,https://upload.wikimedia.org/wikipedia/commons/f/f5/Fred_Brooks.jpg
Patterns of Enterprise Application Architecture,Martin Fowler,Describes patterns for designing enterprise-level applications.,Enterprise software design,https://en.wikipedia.org/wiki/Patterns_of_Enterprise_Application_Architecture,https://upload.wikimedia.org/wikipedia/commons/2/29/Martin_Fowler_%282008%29.jpg
Effective Java,Joshua Bloch,Presents best practices and idioms for Java programming.,Java development techniques,https://en.wikipedia.org/wiki/Effective_Java,https://upload.wikimedia.org/wikipedia/commons/d/df/Joshua_Bloch_1.JPG
Programming Pearls,Jon Bentley,Shares insights and techniques for writing efficient code.,Algorithm optimization strategies,https://en.wikipedia.org/wiki/Programming_Pearls,https://upload.wikimedia.org/wikipedia/commons/f/f0/Jon_Bentley.jpg
The Art of Computer Programming,Donald Knuth,An extensive multi-volume work on algorithms and programming techniques.,Algorithm design and analysis,https://en.wikipedia.org/wiki/The_Art_of_Computer_Programming,https://upload.wikimedia.org/wikipedia/commons/4/4f/Donald_Knuth.jpg
Structure and Interpretation of Computer Programs,Harold Abelson and Gerald Jay Sussman,Teaches fundamental principles of computer programming.,Programming paradigms and languages,https://en.wikipedia.org/wiki/Structure_and_Interpretation_of_Computer_Programs,https://upload.wikimedia.org/wikipedia/commons/1/16/Harold_Abelson_at_TU_Delft.jpg
Code,Charles Petzold,Explores the history and basics of coding and computing.,Computer programming fundamentals,https://en.wikipedia.org/wiki/Code:_The_Hidden_Language_of_Computer_Hardware_and_Software,https://upload.wikimedia.org/wikipedia/commons/7/7b/Charles_Petzold.jpg
Programming Language Pragmatics,Michael L. Scott,Discusses language design and implementation.,Programming language concepts,https://en.wikipedia.org/wiki/Programming_Language_Pragmatics,https://upload.wikimedia.org/wikipedia/commons/3/3d/Michael_L_Scott_lecturing_%28cropped%29.jpg
Artificial Intelligence: A Modern Approach,Stuart Russell and Peter Norvig,Covers AI techniques and algorithms.,Artificial intelligence advancements,https://en.wikipedia.org/wiki/Artificial_Intelligence:_A_Modern_Approach,https://upload.wikimedia.org/wikipedia/commons/9/9c/Peter_Norvig_2007.jpg
Clean Architecture,Robert C. Martin,Focuses on designing maintainable and scalable software architectures.,Software architecture principles,https://en.wikipedia.org/wiki/Clean_Architecture_(book),https://upload.wikimedia.org/wikipedia/commons/8/88/Robert_Cecil_Martin.png
Programming in Scala,Martin Odersky et al.,Teaches functional programming using the Scala language.,Functional programming paradigms,https://en.wikipedia.org/wiki/Programming_in_Scala,https://upload.wikimedia.org/wikipedia/commons/0/0d/Martin_Odersky_2006.jpg
Domain-Driven Design,Eric Evans,Proposes principles for designing complex software systems.,Software design methodologies,https://en.wikipedia.org/wiki/Domain-Driven_Design,https://upload.wikimedia.org/wikipedia/commons/a/aa/Eric_Evans_on_DDD.jpg
Head First Design Patterns,Eric Freeman and Elisabeth Robson,Explains design patterns in a visual and engaging manner.,Software design and architecture,https://en.wikipedia.org/wiki/Head_First_Design_Patterns,https://upload.wikimedia.org/wikipedia/commons/7/78/EricFreemanSpeaker2007.jpg
Refactoring to Patterns,Joshua Kerievsky,Shows how to apply design patterns during refactoring.,Design patterns and refactoring,https://en.wikipedia.org/wiki/Refactoring_to_Patterns,https://upload.wikimedia.org/wikipedia/commons/7/7d/Joshua_Kerievsky.jpg
The Practice of Programming,Brian W. Kernighan and Rob Pike,Provides practical advice for writing efficient and robust code.,Programming best practices,https://en.wikipedia.org/wiki/The_Practice_of_Programming,https://upload.wikimedia.org/wikipedia/commons/0/04/Brian_Kernighan_in_2012_at_Bell_Labs_1.jpg
Continuous Delivery,Jez Humble and David Farley,Describes principles and practices for continuous software delivery.,DevOps and agile methodologies,https://en.wikipedia.org/wiki/Continuous_Delivery_(book),https://upload.wikimedia.org/wikipedia/commons/e/e1/Jez_Humble.jpg
Software Engineering: A Practitioner's Approach,Roger S. Pressman,Covers software engineering principles and methodologies.,Software development practices,https://en.wikipedia.org/wiki/Software_Engineering:_A_Practitioner%27s_Approach,https://upload.wikimedia.org/wikipedia/commons/c/cb/Pressman_JPEG.jpg
Structural Analysis,R.C. Hibbeler,Explores principles of structural engineering.,Advancements in structural design,https://en.wikipedia.org/wiki/Structural_analysis,https://example.com/images/hibbeler.jpg
Fluid Mechanics,Frank M. White,Studies the behavior of fluids and fluid flow.,Renewable energy applications,https://en.wikipedia.org/wiki/Fluid_mechanics,https://example.com/images/white.jpg
Heat Transfer,Yunus Cengel and Afshin Ghajar,Analyzes heat transfer mechanisms.,Energy-efficient technologies,https://en.wikipedia.org/wiki/Heat_transfer,https://example.com/images/cengel.jpg
Reinforced Concrete Design,George F. Limbrunner and Craig D. Westergaard,Covers design principles for concrete structures.,Innovations in concrete technology,https://en.wikipedia.org/wiki/Reinforced_concrete_design,https://example.com/images/limbrunner.jpg
Mechanics of Materials,Ferdinand P. Beer and E. Russell Johnston Jr.,Studies the behavior of materials under stress.,Materials science developments,https://en.wikipedia.org/wiki/Mechanics_of_materials,https://example.com/images/beer.jpg
Fundamentals of Fluid Mechanics,Bruce R. Munson et al.,Introduces fundamental concepts in fluid mechanics.,Advancements in computational fluid dynamics,https://en.wikipedia.org/wiki/Fundamentals_of_Fluid_Mechanics,https://example.com/images/munson.jpg
Geotechnical Engineering,William D. Kovacs and Robert L. Schaffer,Focuses on soil mechanics and foundation engineering.,Innovations in geotechnical analysis,https://en.wikipedia.org/wiki/Geotechnical_engineering,https://example.com/images/kovacs.jpg
Machine Design,Robert L. Norton,Studies principles of machine design and mechanical systems.,Advancements in robotics and automation,https://en.wikipedia.org/wiki/Machine_design,https://example.com/images/norton.jpg
Highway Engineering,Khanna and Justo,Covers design and construction of highways and roads.,Smart transportation technologies,https://en.wikipedia.org/wiki/Highway_engineering,https://example.com/images/khanna.jpg
Hydrology and Water Resources Engineering,K.C. Patra,Analyzes water flow and management.,Sustainable water resource strategies,https://en.wikipedia.org/wiki/Hydrology_and_water_resources_engineering,https://example.com/images/patra.jpg
Fundamentals of Thermodynamics,Richard E. Sonntag and Claus Borgnakke,Introduces thermodynamic principles and applications.,Energy conservation techniques,https://en.wikipedia.org/wiki/Fundamentals_of_thermodynamics,https://example.com/images/sonntag.jpg
Steel Structures,Ravi Sinha,Covers design and analysis of steel structures.,Innovations in steel construction,https://en.wikipedia.org/wiki/Steel_structures,https://example.com/images/sinha.jpg
Environmental Engineering,Howard S. Peavy et al.,Focuses on environmental protection and management.,Green engineering solutions,https://en.wikipedia.org/wiki/Environmental_engineering,https://example.com/images/peavy.jpg
Geometric Dimensioning and Tolerancing,David A. Madsen and David P. Madsen,Teaches standards for engineering drawings.,Precision manufacturing techniques,https://en.wikipedia.org/wiki/Geometric_dimensioning_and_tolerancing,https://example.com/images/madsen.jpg
Concrete Technology,M.S. Shetty,Covers materials and construction techniques for concrete.,Innovations in concrete materials,https://en.wikipedia.org/wiki/Concrete_technology,https://example.com/images/shetty.jpg
Fluid Power with Applications,Anthony Esposito,Studies hydraulic and pneumatic systems.,Advancements in fluid power technology,https://en.wikipedia.org/wiki/Fluid_power,https://example.com/images/esposito.jpg
Soil Mechanics and Foundations,Muni Budhu,Focuses on soil properties and foundation design.,Innovations in geotechnical engineering,https://en.wikipedia.org/wiki/Soil_mechanics,https://example.com/images/budhu.jpg
Construction Management,Daniel W. Halpin and Bolivar A. Senior,Covers principles of construction project management.,Innovations in construction technology,https://en.wikipedia.org/wiki/Construction_management,https://example.com/images/halpin.jpg
Fluid Dynamics,A. R. Patil,Analyzes fluid behavior and dynamics.,Advancements in computational fluid mechanics,https://en.wikipedia.org/wiki/Fluid_dynamics,https://example.com/images/patil.jpg
Principles of Geotechnical Engineering,Braja M. Das,Introduces geotechnical engineering fundamentals.,Innovations in soil testing methods,https://en.wikipedia.org/wiki/Geotechnical_engineering,https://example.com/images/das.jpg
Thermal Engineering,R.K. Rajput,Studies thermodynamics and heat transfer.,Energy-efficient HVAC systems,https://en.wikipedia.org/wiki/Thermal_engineering,https://example.com/images/rajput.jpg
Introduction to Transportation Engineering and Planning,C. S. Papacostas and P. D. Prevedouros,Introduces transportation planning and design.,Smart transportation technologies,https://en.wikipedia.org/wiki/Transportation_engineering,https://example.com/images/papacostas.jpg
Mechanical Vibrations,Singiresu S. Rao,Studies mechanical vibration analysis and control.,Advancements in vibration damping technologies,https://en.wikipedia.org/wiki/Mechanical_vibrations,https://example.com/images/rao.jpg
The Power of Habit,Charles Duhigg,Investigates the science of habit formation and change.,Behavioral psychology,https://en.wikipedia.org/wiki/The_Power_of_Habit,https://example.com/images/duhigg.jpg
Emotional Intelligence,Daniel Goleman,Discusses the importance of emotional awareness and regulation.,Emotional intelligence in leadership,https://en.wikipedia.org/wiki/Emotional_intelligence,https://example.com/images/goleman.jpg
The Man Who Mistook His Wife for a Hat,Oliver Sacks,Shares clinical tales of neurological patients and their conditions.,Neurology and case studies,https://en.wikipedia.org/wiki/The_Man_Who_Mistook_His_Wife_for_a_Hat,https://example.com/images/sacks.jpg
Quiet: The Power of Introverts in a World That Can't Stop Talking,Susan Cain,Explores the strengths and contributions of introverted individuals.,Personality psychology and introversion,https://en.wikipedia.org/wiki/Quiet:_The_Power_of_Introverts_in_a_World_That_Can%27t_Stop_Talking,https://example.com/images/cain.jpg
Thinking, Daniel Dennett,An exploration of consciousness and the mind's capabilities.,Philosophy of mind and cognitive science,"https://en.wikipedia.org/wiki/Thinking,_Fast_and_Slow",https://example.com/images/dennett.jpg
The Brain That Changes Itself,Norman Doidge,Discusses neuroplasticity and the brain's ability to rewire itself.,Neuroscience and brain plasticity,https://en.wikipedia.org/wiki/The_Brain_That_Changes_Itself,https://example.com/images/doidge.jpg
Stumbling on Happiness,Daniel Gilbert,Investigates the science of happiness and human perception.,Positive psychology and subjective well-being,https://en.wikipedia.org/wiki/Stumbling_on_Happiness,https://example.com/images/gilbert.jpg
Blink: The Power of Thinking Without Thinking,Malcolm Gladwell,Explores rapid decision-making and intuition.,Cognitive psychology and decision-making,https://en.wikipedia.org/wiki/Blink:_The_Power_of_Thinking_Without_Thinking,https://example.com/images/gladwell.jpg
The Social Animal,David Brooks,Examines human behavior and social interactions.,Social psychology and sociology,https://en.wikipedia.org/wiki/The_Social_Animal_(book),https://example.com/images/brooks.jpg
Predictably Irrational,Dan Ariely,Discusses irrational behaviors and decision-making.,Behavioral economics and cognitive biases,https://en.wikipedia.org/wiki/Predictably_Irrational,https://example.com/images/ariely.jpg
Grit: The Power of Passion and Perseverance,Angela Duckworth,Emphasizes the importance of perseverance and resilience.,Positive psychology and grit mindset,https://en.wikipedia.org/wiki/Grit:_The_Power_of_Passion_and_Persistence,https://example.com/images/duckworth.jpg
The Art of Thinking Clearly,Rolf Dobelli,Highlights common thinking errors and cognitive biases.,Critical thinking and decision-making,https://en.wikipedia.org/wiki/The_Art_of_Thinking_Clearly,https://example.com/images/dobelli.jpg
Drive: The Surprising Truth About What Motivates Us,Daniel H. Pink,Examines motivation and the factors that drive human behavior.,Motivation psychology and intrinsic motivation,https://en.wikipedia.org/wiki/Drive:_The_Surprising_Truth_About_What_Motivates_Us,https://example.com/images/pink.jpg
Man's Search for Meaning,Viktor E. Frankl,Explores the human search for purpose and meaning.,Existential psychology and logotherapy,https://en.wikipedia.org/wiki/Man%27s_Search_for_Meaning,https://example.com/images/frankl.jpg
The Anatomy of Peace,The Arbinger Institute,Discusses conflict resolution and inner peace.,Conflict management and interpersonal relations,https://en.wikipedia.org/wiki/The_Anatomy_of_Peace,https://example.com/images/arbinger.jpg
The Body Keeps the Score,Bessel van der Kolk,Explores the impact of trauma on the body and mind.,Trauma psychology and somatic experiencing,https://en.wikipedia.org/wiki/The_Body_Keeps_the_Score,https://example.com/images/kolk.jpg
Outliers: The Story of Success,Malcolm Gladwell,Investigates factors contributing to exceptional success.,Success psychology and talent development,https://en.wikipedia.org/wiki/Outliers_(book),https://example.com/images/gladwell2.jpg
The Upside of Stress,Kelly McGonigal,Examines the positive effects of stress and resilience.,Stress psychology and mindset,https://en.wikipedia.org/wiki/The_Upside_of_Stress,https://example.com/images/mcgonigal.jpg
Mindset: The New Psychology of Success,Carol S. Dweck,Introduces the concept of growth mindset and its impact.,Growth mindset psychology and achievement,https://en.wikipedia.org/wiki/Mindset:_The_New_Psychology_of_Success,https://example.com/images/dweck.jpg
The Happiness Advantage,Shawn Achor,Explores the link between happiness and success.,Positive psychology and happiness research,https://en.wikipedia.org/wiki/The_Happiness_Advantage,https://example.com/images/achor.jpg
The Psychopath Test,Jon Ronson,Investigates the characteristics of psychopathy and personality disorders.,Psychopathology and mental health,https://en.wikipedia.org/wiki/The_Psychopath_Test,https://example.com/images/ronson.jpg
The Power of Habit,Charles Duhigg,Investigates the science of habit formation and change.,Behavioral psychology,https://en.wikipedia.org/wiki/The_Power_of_Habit,https://example.com/images/duhigg2.jpg
Quantum Computing: The Future Frontier,Michael Nielsen,Explores the potential of quantum computers for solving complex problems.,Quantum computing advancements,https://en.wikipedia.org/wiki/Quantum_computing,https://example.com/images/nielsen.jpg
Nanotechnology: Beyond Microscopic,Mark Ratner,Discusses applications of nanotechnology in medicine and materials science.,Nano-scale innovations,https://en.wikipedia.org/wiki/Nanotechnology,https://example.com/images/ratner.jpg
AI Robotics: Intelligence in Motion,Rodney Brooks,Examines the integration of artificial intelligence and robotics for autonomous systems.,Robotic advancements,https://en.wikipedia.org/wiki/Robotics,https://example.com/images/brooks.jpg
Space Exploration: Mars Colonization,Elon Musk,Outlines plans for human settlement on Mars and interplanetary travel.,SpaceX missions,https://en.wikipedia.org/wiki/Colonization_of_Mars,https://example.com/images/musk.jpg
Bioprinting: Creating Living Tissues,Anthony Atala,Demonstrates the capabilities of 3D bioprinting for organ and tissue engineering.,Medical breakthroughs,https://en.wikipedia.org/wiki/Bioprinting,https://example.com/images/atala.jpg
Genetic Engineering: CRISPR Revolution,Jennifer Doudna,Explores CRISPR-Cas9 technology for precise gene editing.,Biomedical advancements,https://en.wikipedia.org/wiki/CRISPR,https://example.com/images/doudna.jpg
Quantum Teleportation: Instant Information Transfer,Juan Ignacio Cirac,Investigates quantum teleportation for secure and instant data transmission.,Quantum communication,https://en.wikipedia.org/wiki/Quantum_teleportation,https://example.com/images/cirac.jpg
Hyperloop: Future of High-Speed Transportation,Elon Musk and Virgin Hyperloop,Proposes a vacuum tube transportation system for ultra-fast travel.,Transportation innovations,https://en.wikipedia.org/wiki/Hyperloop,https://example.com/images/musk-hyperloop.jpg
Artificial Photosynthesis: Sustainable Energy Solution,James Barber,Develops artificial photosynthesis for renewable energy production.,Green technology,https://en.wikipedia.org/wiki/Artificial_photosynthesis,https://example.com/images/barber.jpg
Quantum Cryptography: Unbreakable Security Protocols,Artur Ekert,Utilizes quantum properties for secure communication and encryption.,Cybersecurity advancements,https://en.wikipedia.org/wiki/Quantum_cryptography,https://example.com/images/ekert.jpg
Space Elevator: Vertical Transportation Revolution,Brad Edwards,Proposes a tethered structure for lifting payloads into space without rockets.,Space infrastructure,https://en.wikipedia.org/wiki/Space_elevator,https://example.com/images/edwards.jpg
Brain-Computer Interfaces: Merging Mind and Machine,Elon Musk and Neuralink,Develops neural interfaces for direct communication between brains and computers.,Neurotechnology breakthroughs,https://en.wikipedia.org/wiki/Brain%E2%80%93computer_interface,https://example.com/images/musk-neuralink.jpg
Hydrogen Economy: Clean Fuel for the Future,Jeremy Rifkin,Advocates for hydrogen as a sustainable energy source for transportation and industry.,Energy transition,https://en.wikipedia.org/wiki/Hydrogen_economy,https://example.com/images/rifkin.jpg
Quantum Sensors: Precise Measurement Tools,Paul Kwiat,Utilizes quantum phenomena for ultra-sensitive sensing applications.,Measurement technology,https://en.wikipedia.org/wiki/Quantum_sensor,https://example.com/images/kwiat.jpg
Solar Roads: Paving the Way to Renewable Energy,Scott Brusaw,Introduces solar panels integrated into roadways for energy generation.,Green infrastructure,https://en.wikipedia.org/wiki/Solar_roadways,https://example.com/images/brusaw.jpg
Augmented Reality: Enhanced Digital Experiences,Mark Zuckerberg and Meta,Expands AR technology for interactive virtual content in real-world environments.,Digital innovations,https://en.wikipedia.org/wiki/Augmented_reality,https://example.com/images/zuckerberg-meta.jpg
Fusion Energy: Clean and Limitless Power,ITER and Nuclear Fusion Scientists,Pursues nuclear fusion as a source of sustainable energy without greenhouse gas emissions.,Energy research,https://en.wikipedia.org/wiki/Fusion_power,https://example.com/images/iter-fusion.jpg
Smart Cities: Urban Innovation with IoT,Various Experts,Implements IoT systems for efficient resource management and citizen services.,Urban development,https://en.wikipedia.org/wiki/Smart_city,https://example.com/images/smart-city.jpg
Quantum Internet: Ultra-Secure Global Communication,Stephanie Wehner and QuTech,Develops quantum networks for secure and instant data transfer.,Internet advancements,https://en.wikipedia.org/wiki/Quantum_Internet,https://example.com/images/wehner.jpg
Vertical Farming: Sustainable Agriculture Revolution,Dickson Despommier,Introduces indoor farming techniques for efficient food production in urban areas.,Agricultural innovations,https://en.wikipedia.org/wiki/Vertical_farming,https://example.com/images/despommier.jpg
Teleportation: Science Fiction to Reality,David Wineland and Quantum Physicists,Studies quantum entanglement for potential teleportation applications.,Quantum phenomena,https://en.wikipedia.org/wiki/Teleportation,https://example.com/images/wineland.jpg
3D Printed Organs: Revolutionizing Healthcare,Anthony Atala and Wake Forest Institute for Regenerative Medicine,Creates functional human organs using 3D printing technology.,Medical breakthroughs,https://en.wikipedia.org/wiki/3D_printed_organs,https://example.com/images/atala2.jpg
Molecular Nanotechnology: Building at the Atomic Scale,Eric Drexler,Envisions molecular machines and materials with precise control at the nanoscale.,Nanotechnology advancements,https://en.wikipedia.org/wiki/Molecular_nanotechnology,https://example.com/images/drexler.jpg
Space Tourism: Journey to the Final Frontier,SpaceX and Virgin Galactic,Offers commercial space travel experiences for civilians.,Space exploration industry,https://en.wikipedia.org/wiki/Space_tourism,https://example.com/images/space-tourism.jpg
The 7 Habits of Highly Effective People,Stephen R. Covey,Discusses principles for personal and professional success.,Personal development strategies,https://en.wikipedia.org/wiki/The_7_Habits_of_Highly_Effective_People,https://example.com/images/covey.jpg
Mindset: The New Psychology of Success,Carol S. Dweck,Explores the impact of mindset on achievement and growth.,Growth mindset research,https://en.wikipedia.org/wiki/Mindset_(book),https://example.com/images/dweck.jpg
Extreme Ownership: How U.S. Navy SEALs Lead and Win,Jocko Willink and Leif Babin,Applies military leadership principles to business and life.,Leadership strategies,https://en.wikipedia.org/wiki/Extreme_Ownership,https://example.com/images/willink.jpg
The Subtle Art of Not Giving a F*ck,Mark Manson,Challenges conventional notions of success and happiness.,Anti-self-help movement,https://en.wikipedia.org/wiki/The_Subtle_Art_of_Not_Giving_a_F*ck,https://example.com/images/manson.jpg
Atomic Habits: An Easy & Proven Way to Build Good Habits & Break Bad Ones,James Clear,Offers strategies for habit formation and behavior change.,Habit formation techniques,https://en.wikipedia.org/wiki/Atomic_Habits,https://example.com/images/clear.jpg
Grit: The Power of Passion and Perseverance,Angela Duckworth,Explores the role of perseverance in achieving long-term goals.,Psychology of perseverance,https://en.wikipedia.org/wiki/Grit_(book),https://example.com/images/duckworth.jpg
The Compound Effect,Darren Hardy,Emphasizes the impact of small daily actions on long-term success.,Productivity and goal-setting,https://en.wikipedia.org/wiki/The_Compound_Effect,https://example.com/images/hardy.jpg
The 5 AM Club: Own Your Morning. Elevate Your Life.,Robin Sharma,Promotes early morning routines for productivity and success.,Morning rituals and productivity,https://en.wikipedia.org/wiki/The_5_AM_Club,https://example.com/images/sharma.jpg
Discipline Equals Freedom: Field Manual,Jocko Willink,Advocates for discipline as the key to freedom and success.,Self-discipline strategies,https://en.wikipedia.org/wiki/Discipline_Equals_Freedom,https://example.com/images/willink2.jpg
Make Your Bed: Little Things That Can Change Your Life...And Maybe the World,William H. McRaven,Highlights the importance of small tasks and discipline.,Daily habits and discipline,https://en.wikipedia.org/wiki/Make_Your_Bed_(book),https://example.com/images/mcraven.jpg
The War of Art: Break Through the Blocks and Win Your Inner Creative Battles,Steven Pressfield,Addresses overcoming resistance and achieving creative success.,Creative productivity strategies,https://en.wikipedia.org/wiki/The_War_of_Art,https://example.com/images/pressfield.jpg
Can't Hurt Me: Master Your Mind and Defy the Odds,David Goggins,Shares the author's journey to mental toughness and resilience.,Personal development and mental toughness,https://en.wikipedia.org/wiki/Can%27t_Hurt_Me,https://example.com/images/goggins.jpg
The Art of Learning,Josh Waitzkin,Focuses on the process of mastering skills and continuous learning.,Skill acquisition and mastery,https://en.wikipedia.org/wiki/The_Art_of_Learning,https://example.com/images/waitzkin.jpg
Deep Work: Rules for Focused Success in a Distracted World,Cal Newport,Advocates for deep concentration and focused work.,Productivity in the digital age,https://en.wikipedia.org/wiki/Deep_Work,https://example.com/images/newport.jpg
The 10X Rule: The Only Difference Between Success and Failure,Grant Cardone,Encourages massive action and high levels of effort.,Success mindset and action strategies,https://en.wikipedia.org/wiki/The_10X_Rule,https://example.com/images/cardone.jpg
Leaders Eat Last: Why Some Teams Pull Together and Others Don't,Simon Sinek,Explores leadership and teamwork based on trust and respect.,Leadership and team dynamics,https://en.wikipedia.org/wiki/Leaders_Eat_Last,https://example.com/images/sinek.jpg
The One Thing,Gary Keller and Jay Papasan,Focuses on prioritization and the importance of singular focus.,Productivity and goal-setting,https://en.wikipedia.org/wiki/The_One_Thing_(book),https://example.com/images/keller.jpg
The Lean Startup: How Today's Entrepreneurs Use Continuous Innovation to Create Radically Successful Businesses,Eric Ries,Advocates for iterative development and lean principles.,Entrepreneurship and innovation,https://en.wikipedia.org/wiki/The_Lean_Startup,https://example.com/images/ries.jpg
The Magic of Thinking Big,David J. Schwartz,Encourages thinking and acting on a larger scale.,Positive mindset and confidence,https://en.wikipedia.org/wiki/The_Magic_of_Thinking_Big,https://example.com/images/schwartz.jpg
The Willpower Instinct,Kelly McGonigal,Explores the science of self-control and willpower.,Self-discipline and behavior change,https://en.wikipedia.org/wiki/The_Willpower_Instinct,https://example.com/images/mcgonigal.jpg
Start with Why: How Great Leaders Inspire Everyone to Take Action,Simon Sinek,Emphasizes the importance of purpose and motivation.,Leadership and inspiration,https://en.wikipedia.org/wiki/Start_with_Why,https://example.com/images/sinek2.jpg
Think and Grow Rich,Napoleon Hill,Shares success principles and mindset strategies.,Wealth mindset and personal development,https://en.wikipedia.org/wiki/Think_and_Grow_Rich,https://example.com/images/hill.jpg
Eat That Frog!: 21 Great Ways to Stop Procrastinating and Get More Done in Less Time,Brian Tracy,Presents strategies for overcoming procrastination and boosting productivity.,Procrastination management,https://en.wikipedia.org/wiki/Eat_That_Frog!,https://example.com/images/tracy.jpg
Management Principles and Practices,Ricky W. Griffin,Covers fundamental management theories and applications.,Agile management methodologies,https://en.wikipedia.org/wiki/Management_principles_and_practices,https://example.com/images/griffin.jpg
Strategic Management,Fred R. David,Focuses on strategic planning and decision-making processes.,Digital transformation strategies,https://en.wikipedia.org/wiki/Strategic_management,https://example.com/images/david.jpg
Leadership and Organizational Behavior,Robert Kreitner and Angelo Kinicki,Explores leadership styles and organizational dynamics.,Transformational leadership trends,https://en.wikipedia.org/wiki/Leadership_and_organizational_behavior,https://example.com/images/kreitner.jpg
Operations Management,William J. Stevenson,Covers operations strategy and supply chain management.,Lean and Six Sigma methodologies,https://en.wikipedia.org/wiki/Operations_management,https://example.com/images/stevenson.jpg
Financial Management,Prasanna Chandra,Examines financial decision-making and analysis.,Blockchain in finance,https://en.wikipedia.org/wiki/Financial_management,https://example.com/images/chandra.jpg
Marketing Management,Philip Kotler,Focuses on marketing strategies and customer relationship management.,Digital marketing trends,https://en.wikipedia.org/wiki/Marketing_management,https://example.com/images/kotler.jpg
International Business Management,C.B. Gupta,Explores global business strategies and cross-cultural management.,Global supply chain resilience,https://en.wikipedia.org/wiki/International_business_management,https://example.com/images/gupta.jpg
Entrepreneurship and Innovation,Peter F. Drucker,Focuses on entrepreneurial strategies and innovation management.,Start-up ecosystems,https://en.wikipedia.org/wiki/Entrepreneurship_and_innovation,https://example.com/images/drucker.jpg
Supply Chain Management,Sunil Chopra and Peter Meindl,Examines supply chain design and logistics.,AI in supply chain optimization,https://en.wikipedia.org/wiki/Supply_chain_management,https://example.com/images/chopra.jpg
Business Analytics,Ramesh Sharda and Dursun Delen,Covers data-driven decision-making and analytics tools.,Predictive analytics in business,https://en.wikipedia.org/wiki/Business_analytics,https://example.com/images/sharda.jpg
Organizational Behavior,Stephen P. Robbins,Explores individual and group behavior in organizations.,Remote work dynamics,https://en.wikipedia.org/wiki/Organizational_behavior,https://example.com/images/robbins.jpg
Corporate Finance,Jonathan Berk and Peter DeMarzo,Focuses on corporate financial management and investments.,ESG investing trends,https://en.wikipedia.org/wiki/Corporate_finance,https://example.com/images/berk.jpg
Business Strategy,Michael E. Porter,Examines competitive strategies and industry analysis.,Digital disruption strategies,https://en.wikipedia.org/wiki/Business_strategy,https://example.com/images/porter.jpg
Managerial Economics,Paul Keat and Philip K. Young,Introduces economic concepts for managerial decision-making.,Behavioral economics in management,https://en.wikipedia.org/wiki/Managerial_economics,https://example.com/images/keat.jpg
Change Management,John P. Kotter,Focuses on strategies for organizational change and transformation.,Change leadership approaches,https://en.wikipedia.org/wiki/Change_management,https://example.com/images/kotter.jpg
Risk Management in Banking,Joel Bessis,Examines risk assessment and mitigation strategies in banking.,Cybersecurity in banking,https://en.wikipedia.org/wiki/Risk_management_in_banking,https://example.com/images/bessis.jpg
Corporate Governance,Robert A. G. Monks and Nell Minow,Covers principles of corporate governance and ethical leadership.,ESG governance practices,https://en.wikipedia.org/wiki/Corporate_governance,https://example.com/images/monks.jpg
Business Law,John D. Ashcroft and Martin P. Ashcroft,Introduces legal concepts and regulations in business.,Privacy laws and compliance,https://en.wikipedia.org/wiki/Business_law,https://example.com/images/ashcroft.jpg
Business Ethics,Andrew Crane and Dirk Matten,Examines ethical issues and decision-making in business.,Sustainability ethics,https://en.wikipedia.org/wiki/Business_ethics,https://example.com/images/crane.jpg
Corporate Social Responsibility,Archie B. Carroll,Focuses on CSR strategies and stakeholder management.,ESG reporting frameworks,https://en.wikipedia.org/wiki/Corporate_social_responsibility,https://example.com/images/carroll.jpg
Supply Chain Analytics,David L. Olson and Desheng Dash Wu,Explores data analytics in supply chain management.,Predictive maintenance in logistics,https://en.wikipedia.org/wiki/Supply_chain_analytics,https://example.com/images/olson.jpg
Marketing Analytics,Wayne L. Winston,Examines data analytics for marketing decision-making.,Customer segmentation analysis,https://en.wikipedia.org/wiki/Marketing_analytics,https://example.com/images/winston.jpg
Operations Analytics,Nikhil R. Pal and Pradip K. Srimani,Focuses on analytics for operations optimization.,Predictive maintenance in manufacturing,https://en.wikipedia.org/wiki/Operations_management,https://example.com/images/pal.jpg
The Art of Communicating,Thich Nhat Hanh,Focuses on mindful communication techniques.,Empathetic communication,https://en.wikipedia.org/wiki/Communication,https://example.com/images/hanh.jpg
Crucial Conversations,Kerry Patterson et al.,Provides strategies for handling difficult conversations.,Conflict resolution techniques,https://en.wikipedia.org/wiki/Crucial_conversations,https://example.com/images/patterson.jpg
Difficult Conversations,Douglas Stone et al.,Offers insights into navigating challenging discussions.,Effective dialogue methods,https://en.wikipedia.org/wiki/Difficult_conversations,https://example.com/images/stone.jpg
The 5 Languages of Appreciation in the Workplace,Gary Chapman and Paul White,Introduces ways to express appreciation at work.,Employee engagement strategies,https://en.wikipedia.org/wiki/Employee_recognition,https://example.com/images/chapman.jpg
Crucial Accountability,Kerry Patterson et al.,Focuses on holding individuals accountable effectively.,Performance management techniques,https://en.wikipedia.org/wiki/Accountability,https://example.com/images/patterson2.jpg
Getting to Yes,Roger Fisher and William Ury,Explains principled negotiation for win-win outcomes.,Negotiation strategies,https://en.wikipedia.org/wiki/Getting_to_Yes,https://example.com/images/fisher.jpg
The Art of War,Sun Tzu,Applies military strategy to business and communication.,Strategic planning principles,https://en.wikipedia.org/wiki/The_Art_of_War,https://example.com/images/sun-tzu.jpg
Leadership and Self-Deception,The Arbinger Institute,Addresses self-awareness and relational dynamics.,Emotional intelligence development,https://en.wikipedia.org/wiki/Leadership_and_Self-Deception,https://example.com/images/arbinger.jpg
The Power of Now,Eckhart Tolle,Encourages present-moment awareness and clarity in communication.,Mindfulness practices,https://en.wikipedia.org/wiki/The_Power_of_Now,https://example.com/images/tolle.jpg
Nonviolent Communication,Marshall B. Rosenberg,Emphasizes compassionate communication and conflict resolution.,Empathetic dialogue techniques,https://en.wikipedia.org/wiki/Nonviolent_Communication,https://example.com/images/rosenberg.jpg
How to Win Friends and Influence People,Dale Carnegie,Offers timeless advice on interpersonal communication.,Influential communication strategies,https://en.wikipedia.org/wiki/How_to_Win_Friends_and_Influence_People,https://example.com/images/carnegie.jpg
Influence: The Psychology of Persuasion,Robert Cialdini,Explores the psychology behind persuasive communication.,Persuasion techniques,https://en.wikipedia.org/wiki/Influence:_The_Psychology_of_Persuasion,https://example.com/images/cialdini.jpg
Never Split the Difference,Chris Voss,Shares negotiation tactics from a former FBI negotiator.,Tactical negotiation skills,https://en.wikipedia.org/wiki/Never_Split_the_Difference,https://example.com/images/voss.jpg
Difficult Conversations,Douglas Stone et al.,Offers insights into navigating challenging discussions.,Effective dialogue methods,https://en.wikipedia.org/wiki/Difficult_conversations,https://example.com/images/stone2.jpg
Crucial Conversations,Kerry Patterson et al.,Provides strategies for handling difficult conversations.,Conflict resolution techniques,https://en.wikipedia.org/wiki/Crucial_conversations,https://example.com/images/patterson3.jpg
How to Talk to Anyone,Leil Lowndes,Shares communication tips for various social situations.,Social skills development,https://en.wikipedia.org/wiki/How_to_Talk_to_Anyone,https://example.com/images/lowndes.jpg
The Charisma Myth,Olivia Fox Cabane,Explores techniques to enhance charisma and presence.,Charismatic communication,https://en.wikipedia.org/wiki/Charisma,https://example.com/images/cabane.jpg
Leaders Eat Last,Simon Sinek,Discusses leadership principles and team communication.,Leadership communication styles,https://en.wikipedia.org/wiki/Leaders_Eat_Last,https://example.com/images/sinek.jpg
Crucial Conversations,Kerry Patterson et al.,Provides strategies for handling difficult conversations.,Conflict resolution techniques,https://en.wikipedia.org/wiki/Crucial_conversations,https://example.com/images/patterson4.jpg
Getting Past No,William Ury,Offers strategies for negotiating with difficult people.,Negotiation tactics,https://en.wikipedia.org/wiki/Getting_Past_No,https://example.com/images/ury.jpg
The Charisma Factor,Olivia Fox Cabane,Explores factors that contribute to charismatic communication.,Charismatic leadership,https://en.wikipedia.org/wiki/Charisma,https://example.com/images/cabane2.jpg
Emotional Intelligence 2.0,Travis Bradberry and Jean Greaves,Focuses on emotional intelligence in personal and professional settings.,Emotional self-awareness,https://en.wikipedia.org/wiki/Emotional_intelligence,https://example.com/images/bradberry.jpg
The 7 Habits of Highly Effective People,Stephen R. Covey,Introduces habits for personal and interpersonal effectiveness.,Effective habits,https://en.wikipedia.org/wiki/The_7_Habits_of_Highly_Effective_People,https://example.com/images/covey.jpg
The Art of Influence,Chris Widener,Discusses influencing others positively and ethically.,Positive influence strategies,https://en.wikipedia.org/wiki/The_Art_of_Influence,https://example.com/images/widener.jpg
